,_id,user_id,user_name
0,5e51aadf626892ebcf7e96a3,0,Jorge
1,5e51aadf626892ebcf7e96a4,1,Ivan
2,5e51aadf626892ebcf7e96a5,2,Alvarito
3,5e51aadf626892ebcf7e96a6,3,Pete
4,5e51aadf626892ebcf7e96a7,4,Alvaro
5,5e51aadf626892ebcf7e96a8,5,Eku
6,5e51aadf626892ebcf7e96a9,6,Jose
7,5e51aadf626892ebcf7e96aa,7,Anto√±ito
8,5e51aadf626892ebcf7e96ab,8,Pinedo
9,5e51aadf626892ebcf7e96ac,9,Rafa
10,5e51aadf626892ebcf7e96ad,10,Laura
11,5e51aadf626892ebcf7e96ae,11,Fonseca
12,5e51aadf626892ebcf7e96af,12,Chema
13,5e51aadf626892ebcf7e96b0,13,Marlena
14,5e51aadf626892ebcf7e96b1,14,Juli
